Workbook

Sheet Sheet1
A1: 绿峰位置 Mg | B1: 绿峰反射率Rg | C1: 红谷位置 Mo | D1: 红谷反射率 Ro | E1: 近红外波段的反射率位置 | F1: 近红外波段的反射率RNIR | G1: 蓝边位置λb | H1: 蓝边幅值Mb | I1: 蓝边面积Ab | J1: 黄边位置λy | K1: 黄边幅值Mb | L1: 黄边面积Ab | M1: 红边位置λr | N1: 红边幅值Mr | O1: 红边面积Ar | P1: 最大吸收深度Dh | Q1: 吸收宽度W | R1: 吸收位置P | S1: 总面积S | T1: 左面积Sl | U1: 右面积Sr | V1: 对称度V | W1: 面积归一化最大吸收深度W | X1: 宽深比BDR | Y1: 最大吸收深度Dh | Z1: 吸收宽度W | AA1: 吸收位置P | AB1: 总面积S | AC1: 左面积Sl | AD1: 右面积Sr | AE1: 对称度V | AF1: 面积归一化最大吸收深度W | AG1: 宽深比BDR | AH1: 标签值
A2: 510~560nm范围内最大反射率所对应的波长 | B2: 510~560nm范围内最大反射率值 | C2: 650~690nm范围内最小反射率所对应的波长 | D2: 650~690nm范围内最小反射率值 | E2: 760~1300nm范围内最大反射率所对应的波长 | F2: 760~1300nm范围内最大反射率值 | G2: 490~530nm内一阶导数最大值对应的波长 | H2: 490~530nm内一阶导数光谱最大值 | I2: 490~530nm内一阶微分的总和 | J2: 560~640nm内一阶导数最小值对应的波长 | K2: 560~640nm内一阶导数光谱最小值 | L2: 560~640nm内一阶微分的总和 | M2: 680~760nm内一阶导数最大值对应的波长 | N2: 680~760nm内一阶导数光谱最大值 | O2: 680~760nm内一阶微分的总和 | P2: 吸收峰的最大吸收值 | Q2: 最大吸收深度一半处的光谱带宽 | R2: 吸收谷中反射率最小处的波长 | S2: 起始和终止波长内的波段深度的积分 | T2: 总面积中最大吸收深度以左的面积 | U2: 总面积中最大吸收深度以右的面积 | V2: 左面积与右面积的比值 | W2: 最大吸收深度与总面积的比值 | X2: 吸收宽度与最大吸收深度的比值 | Y2: 吸收峰的最大吸收值 | Z2: 最大吸收深度一半处的光谱带宽 | AA2: 吸收谷中反射率最小处的波长 | AB2: 起始和终止波长内的波段深度的积分 | AC2: 总面积中最大吸收深度以左的面积 | AD2: 总面积中最大吸收深度以右的面积 | AE2: 左面积与右面积的比值 | AF2: 最大吸收深度与总面积的比值 | AG2: 吸收宽度与最大吸收深度的比值
A3: 553 | B3: 0.24923296 | C3: 675 | D3: 0.07758312 | E3: 1185 | F3: 0.52628158 | G3: {=INDEX([1]一阶微分!$EL$1:$FZ$1,MATCH(MAX([1]一阶微分!EL2:FZ2),[1]一阶微分!EL2:FZ2,0))} -> 521 | H3: =MAX([1]一阶微分!EL2:FZ2) -> 0.005166132 | I3: =SUM([1]一阶微分!EL2:FZ2) -> 0.1314832 | J3: {=INDEX([1]一阶微分!$HD$1:$KF$1,MATCH(MIN([1]一阶微分!HD2:KF2),[1]一阶微分!HD2:KF2,0))} -> 572 | K3: =MIN([1]一阶微分!HD2:KF2) -> -0.0025962436 | L3: =SUM([1]一阶微分!HD2:KF2) -> -0.11295844 | M3: {=INDEX([1]一阶微分!$LT$1:$OV$1,MATCH(MAX([1]一阶微分!LT2:OV2),[1]一阶微分!LT2:OV2,0))} -> 699 | N3: =MAX([1]一阶微分!LT2:OV2) -> 0.013482703 | O3: =SUM([1]一阶微分!LT2:OV2) -> 0.4421606 | P3: 0.917543 | Q3: 276.5 | R3: 479 | S3: 76.22863 | T3: 21.005746 | U3: 55.222884 | V3: 0.38038118 | W3: 0.012036724 | X3: 301.34827 | Y3: 0.922417 | Z3: 103.5 | AA3: 675 | AB3: 149.38975 | AC3: 105.48295 | AD3: 43.906799 | AE3: 2.4024287 | AF3: 0.0061745667 | AG3: 112.20522 | AH3: 2
A4: 553 | B4: 0.24866343 | C4: 675 | D4: 0.079966793 | E4: 1186 | F4: 0.52033053 | G4: {=INDEX([1]一阶微分!$EL$1:$FZ$1,MATCH(MAX([1]一阶微分!EL3:FZ3),[1]一阶微分!EL3:FZ3,0))} -> 520 | H4: =MAX([1]一阶微分!EL3:FZ3) -> 0.0051421286 | I4: =SUM([1]一阶微分!EL3:FZ3) -> 0.12864764 | J4: {=INDEX([1]一阶微分!$HD$1:$KF$1,MATCH(MIN([1]一阶微分!HD3:KF3),[1]一阶微分!HD3:KF3,0))} -> 572 | K4: =MIN([1]一阶微分!HD3:KF3) -> -0.0025589599 | L4: =SUM([1]一阶微分!HD3:KF3) -> -0.11079088 | M4: {=INDEX([1]一阶微分!$LT$1:$OV$1,MATCH(MAX([1]一阶微分!LT3:OV3),[1]一阶微分!LT3:OV3,0))} -> 699 | N4: =MAX([1]一阶微分!LT3:OV3) -> 0.0132318 | O4: =SUM([1]一阶微分!LT3:OV3) -> 0.43346135 | P4: 0.914645 | Q4: 276.5 | R4: 477 | S4: 76.075525 | T4: 20.934464 | U4: 55.141061 | V4: 0.37965291 | W4: 0.012022855 | X4: 302.30308 | Y4: 0.920033 | Z4: 103.5 | AA4: 675 | AB4: 149.36036 | AC4: 105.32853 | AD4: 44.031828 | AE4: 2.3920998 | AF4: 0.0061598206 | AG4: 112.49596 | AH4: 2
A5: 553 | B5: 0.2481597 | C5: 675 | D5: 0.081266355 | E5: 1187 | F5: 0.51538971 | G5: {=INDEX([1]一阶微分!$EL$1:$FZ$1,MATCH(MAX([1]一阶微分!EL4:FZ4),[1]一阶微分!EL4:FZ4,0))} -> 520 | H5: =MAX([1]一阶微分!EL4:FZ4) -> 0.0050531806 | I5: =SUM([1]一阶微分!EL4:FZ4) -> 0.12662659 | J5: {=INDEX([1]一阶微分!$HD$1:$KF$1,MATCH(MIN([1]一阶微分!HD4:KF4),[1]一阶微分!HD4:KF4,0))} -> 572 | K5: =MIN([1]一阶微分!HD4:KF4) -> -0.0025586394 | L5: =SUM([1]一阶微分!HD4:KF4) -> -0.10935595 | M5: {=INDEX([1]一阶微分!$LT$1:$OV$1,MATCH(MAX([1]一阶微分!LT4:OV4),[1]一阶微分!LT4:OV4,0))} -> 699 | N5: =MAX([1]一阶微分!LT4:OV4) -> 0.013089869 | O5: =SUM([1]一阶微分!LT4:OV4) -> 0.42706553 | P5: 0.912636 | Q5: 276.5 | R5: 476 | S5: 75.982599 | T5: 20.88649 | U5: 55.096109 | V5: 0.37909192 | W5: 0.012011118 | X5: 302.96854 | Y5: 0.918734 | Z5: 103.5 | AA5: 675 | AB5: 149.39159 | AC5: 105.24896 | AD5: 44.142622 | AE5: 2.3842935 | AF5: 0.0061498376 | AG5: 112.65502 | AH5: 2
A6: 554 | B6: 0.24874429 | C6: 676 | D6: 0.082366481 | E6: 1187 | F6: 0.51242257 | G6: {=INDEX([1]一阶微分!$EL$1:$FZ$1,MATCH(MAX([1]一阶微分!EL5:FZ5),[1]一阶微分!EL5:FZ5,0))} -> 519 | H6: =MAX([1]一阶微分!EL5:FZ5) -> 0.0050128727 | I6: =SUM([1]一阶微分!EL5:FZ5) -> 0.12541055 | J6: {=INDEX([1]一阶微分!$HD$1:$KF$1,MATCH(MIN([1]一阶微分!HD5:KF5),[1]一阶微分!HD5:KF5,0))} -> 572 | K6: =MIN([1]一阶微分!HD5:KF5) -> -0.0025657001 | L6: =SUM([1]一阶微分!HD5:KF5) -> -0.10875251 | M6: {=INDEX([1]一阶微分!$LT$1:$OV$1,MATCH(MAX([1]一阶微分!LT5:OV5),[1]一阶微分!LT5:OV5,0))} -> 699 | N6: =MAX([1]一阶微分!LT5:OV5) -> 0.013028048 | O6: =SUM([1]一阶微分!LT5:OV5) -> 0.42331945 | P6: 0.910636 | Q6: 277 | R6: 479 | S6: 75.854994 | T6: 20.839585 | U6: 55.015409 | V6: 0.37879542 | W6: 0.012004958 | X6: 304.18301 | Y6: 0.917634 | Z6: 103 | AA6: 676 | AB6: 149.29218 | AC6: 105.11644 | AD6: 44.175737 | AE6: 2.3795063 | AF6: 0.0061465643 | AG6: 112.24519 | AH6: 2
A7: 553 | B7: 0.24943747 | C7: 676 | D7: 0.083696187 | E7: 1186 | F7: 0.51068454 | G7: {=INDEX([1]一阶微分!$EL$1:$FZ$1,MATCH(MAX([1]一阶微分!EL6:FZ6),[1]一阶微分!EL6:FZ6,0))} -> 520 | H7: =MAX([1]一阶微分!EL6:FZ6) -> 0.0049025825 | I7: =SUM([1]一阶微分!EL6:FZ6) -> 0.1242742 | J7: {=INDEX([1]一阶微分!$HD$1:$KF$1,MATCH(MIN([1]一阶微分!HD6:KF6),[1]一阶微分!HD6:KF6,0))} -> 572 | K7: =MIN([1]一阶微分!HD6:KF6) -> -0.0025342197 | L7: =SUM([1]一阶微分!HD6:KF6) -> -0.10841242 | M7: {=INDEX([1]一阶微分!$LT$1:$OV$1,MATCH(MAX([1]一阶微分!LT6:OV6),[1]一阶微分!LT6:OV6,0))} -> 699 | N7: =MAX([1]一阶微分!LT6:OV6) -> 0.012943246 | O7: =SUM([1]一阶微分!LT6:OV6) -> 0.42069278 | P7: 0.909136 | Q7: 276.5 | R7: 479 | S7: 75.749912 | T7: 20.800591 | U7: 54.949321 | V7: 0.37854137 | W7: 0.012001809 | X7: 304.13491 | Y7: 0.916304 | Z7: 103.5 | AA7: 676 | AB7: 149.12525 | AC7: 104.96996 | AD7: 44.155288 | AE7: 2.3772907 | AF7: 0.0061445264 | AG7: 112.95378 | AH7: 2
A8: 553 | B8: 0.24969726 | C8: 675 | D8: 0.08463564 | E8: 1181 | F8: 0.50945396 | G8: {=INDEX([1]一阶微分!$EL$1:$FZ$1,MATCH(MAX([1]一阶微分!EL7:FZ7),[1]一阶微分!EL7:FZ7,0))} -> 520 | H8: =MAX([1]一阶微分!EL7:FZ7) -> 0.0048959527 | I8: =SUM([1]一阶微分!EL7:FZ7) -> 0.12353206 | J8: {=INDEX([1]一阶微分!$HD$1:$KF$1,MATCH(MIN([1]一阶微分!HD7:KF7),[1]一阶微分!HD7:KF7,0))} -> 571 | K8: =MIN([1]一阶微分!HD7:KF7) -> -0.0025186764 | L8: =SUM([1]一阶微分!HD7:KF7) -> -0.10787199 | M8: {=INDEX([1]一阶微分!$LT$1:$OV$1,MATCH(MAX([1]一阶微分!LT7:OV7),[1]一阶微分!LT7:OV7,0))} -> 699 | N8: =MAX([1]一阶微分!LT7:OV7) -> 0.012940621 | O8: =SUM([1]一阶微分!LT7:OV7) -> 0.41872246 | P8: 0.908084 | Q8: 276.5 | R8: 479 | S8: 75.688973 | T8: 20.777 | U8: 54.911973 | V8: 0.37836921 | W8: 0.011997573 | X8: 304.48725 | Y8: 0.915364 | Z8: 103.5 | AA8: 675 | AB8: 149.02688 | AC8: 104.88791 | AD8: 44.138976 | AE8: 2.3763104 | AF8: 0.0061422743 | AG8: 113.06977 | AH8: 2
A9: 553 | B9: 0.25035676 | C9: 676 | D9: 0.085605422 | E9: 1191 | F9: 0.50925495 | G9: {=INDEX([1]一阶微分!$EL$1:$FZ$1,MATCH(MAX([1]一阶微分!EL8:FZ8),[1]一阶微分!EL8:FZ8,0))} -> 520 | H9: =MAX([1]一阶微分!EL8:FZ8) -> 0.0050650445 | I9: =SUM([1]一阶微分!EL8:FZ8) -> 0.12323634 | J9: {=INDEX([1]一阶微分!$HD$1:$KF$1,MATCH(MIN([1]一阶微分!HD8:KF8),[1]一阶微分!HD8:KF8,0))} -> 572 | K9: =MIN([1]一阶微分!HD8:KF8) -> -0.0025154572 | L9: =SUM([1]一阶微分!HD8:KF8) -> -0.1075748 | M9: {=INDEX([1]一阶微分!$LT$1:$OV$1,MATCH(MAX([1]一阶微分!LT8:OV8),[1]一阶微分!LT8:OV8,0))} -> 699 | N9: =MAX([1]一阶微分!LT8:OV8) -> 0.012931321 | O9: =SUM([1]一阶微分!LT8:OV8) -> 0.41758373 | P9: 0.906855 | Q9: 276.5 | R9: 480 | S9: 75.603115 | T9: 20.746517 | U9: 54.856598 | V9: 0.37819547 | W9: 0.011994942 | X9: 304.8999 | Y9: 0.914395 | Z9: 103.5 | AA9: 676 | AB9: 148.88008 | AC9: 104.78043 | AD9: 44.099653 | AE9: 2.3759922 | AF9: 0.0061418222 | AG9: 113.1896 | AH9: 2
A10: 553 | B10: 0.250748 | C10: 676 | D10: 0.086567752 | E10: 1197 | F10: 0.50914807 | G10: {=INDEX([1]一阶微分!$EL$1:$FZ$1,MATCH(MAX([1]一阶微分!EL9:FZ9),[1]一阶微分!EL9:FZ9,0))} -> 520 | H10: =MAX([1]一阶微分!EL9:FZ9) -> 0.0049560233 | I10: =SUM([1]一阶微分!EL9:FZ9) -> 0.12257133 | J10: {=INDEX([1]一阶微分!$HD$1:$KF$1,MATCH(MIN([1]一阶微分!HD9:KF9),[1]一阶微分!HD9:KF9,0))} -> 570 | K10: =MIN([1]一阶微分!HD9:KF9) -> -0.0024928589 | L10: =SUM([1]一阶微分!HD9:KF9) -> -0.1070786 | M10: {=INDEX([1]一阶微分!$LT$1:$OV$1,MATCH(MAX([1]一阶微分!LT9:OV9),[1]一阶微分!LT9:OV9,0))} -> 699 | N10: =MAX([1]一阶微分!LT9:OV9) -> 0.012874846 | O10: =SUM([1]一阶微分!LT9:OV9) -> 0.41653092 | P10: 0.905751 | Q10: 276.5 | R10: 480 | S10: 75.533473 | T10: 20.723296 | U10: 54.810177 | V10: 0.37809212 | W10: 0.011991386 | X10: 305.27154 | Y10: 0.913432 | Z10: 103.5 | AA10: 676 | AB10: 148.73367 | AC10: 104.67641 | AD10: 44.057261 | AE10: 2.3759174 | AF10: 0.0061413934 | AG10: 113.30893 | AH10: 2
A11: 553 | B11: 0.25048229 | C11: 675 | D11: 0.086869309 | E11: 1191 | F11: 0.50745732 | G11: {=INDEX([1]一阶微分!$EL$1:$FZ$1,MATCH(MAX([1]一阶微分!EL10:FZ10),[1]一阶微分!EL10:FZ10,0))} -> 517 | H11: =MAX([1]一阶微分!EL10:FZ10) -> 0.0048245164 | I11: =SUM([1]一阶微分!EL10:FZ10) -> 0.12171673 | J11: {=INDEX([1]一阶微分!$HD$1:$KF$1,MATCH(MIN([1]一阶微分!HD10:KF10),[1]一阶微分!HD10:KF10,0))} -> 569 | K11: =MIN([1]一阶微分!HD10:KF10) -> -0.0024568941 | L11: =SUM([1]一阶微分!HD10:KF10) -> -0.10671529 | M11: {=INDEX([1]一阶微分!$LT$1:$OV$1,MATCH(MAX([1]一阶微分!LT10:OV10),[1]一阶微分!LT10:OV10,0))} -> 699 | N11: =MAX([1]一阶微分!LT10:OV10) -> 0.012883392 | O11: =SUM([1]一阶微分!LT10:OV10) -> 0.41489011 | P11: 0.905244 | Q11: 276.5 | R11: 478 | S11: 75.51272 | T11: 20.70872 | U11: 54.804 | V11: 0.37786877 | W11: 0.011987967 | X11: 305.44251 | Y11: 0.913131 | Z11: 103.5 | AA11: 675 | AB11: 148.74758 | AC11: 104.66695 | AD11: 44.080623 | AE11: 2.3744436 | AF11: 0.0061387959 | AG11: 113.34628 | AH11: 2
A12: 553 | B12: 0.2503464 | C12: 675 | D12: 0.087306175 | E12: 1191 | F12: 0.50645544 | G12: {=INDEX([1]一阶微分!$EL$1:$FZ$1,MATCH(MAX([1]一阶微分!EL11:FZ11),[1]一阶微分!EL11:FZ11,0))} -> 520 | H12: =MAX([1]一阶微分!EL11:FZ11) -> 0.0048208007 | I12: =SUM([1]一阶微分!EL11:FZ11) -> 0.1212166 | J12: {=INDEX([1]一阶微分!$HD$1:$KF$1,MATCH(MIN([1]一阶微分!HD11:KF11),[1]一阶微分!HD11:KF11,0))} -> 572 | K12: =MIN([1]一阶微分!HD11:KF11) -> -0.0024761432 | L12: =SUM([1]一阶微分!HD11:KF11) -> -0.10620409 | M12: {=INDEX([1]一阶微分!$LT$1:$OV$1,MATCH(MAX([1]一阶微分!LT11:OV11),[1]一阶微分!LT11:OV11,0))} -> 700 | N12: =MAX([1]一阶微分!LT11:OV11) -> 0.012802412 | O12: =SUM([1]一阶微分!LT11:OV11) -> 0.41358174 | P12: 0.904893 | Q12: 276.5 | R12: 477 | S12: 75.5002 | T12: 20.700219 | U12: 54.799981 | V12: 0.37774135 | W12: 0.011985306 | X12: 305.56099 | Y12: 0.912694 | Z12: 103.5 | AA12: 675 | AB12: 148.72653 | AC12: 104.64198 | AD12: 44.084552 | AE12: 2.3736655 | AF12: 0.0061367261 | AG12: 113.40055 | AH12: 2
A13: 553 | B13: 0.25786128 | C13: 674 | D13: 0.080817546 | E13: 1197 | F13: 0.49479947 | G13: {=INDEX([1]一阶微分!$EL$1:$FZ$1,MATCH(MAX([1]一阶微分!EL12:FZ12),[1]一阶微分!EL12:FZ12,0))} -> 517 | H13: =MAX([1]一阶微分!EL12:FZ12) -> 0.0053191082 | I13: =SUM([1]一阶微分!EL12:FZ12) -> 0.13512547 | J13: {=INDEX([1]一阶微分!$HD$1:$KF$1,MATCH(MIN([1]一阶微分!HD12:KF12),[1]一阶微分!HD12:KF12,0))} -> 570 | K13: =MIN([1]一阶微分!HD12:KF12) -> -0.0026881952 | L13: =SUM([1]一阶微分!HD12:KF12) -> -0.1177898 | M13: {=INDEX([1]一阶微分!$LT$1:$OV$1,MATCH(MAX([1]一阶微分!LT12:OV12),[1]一阶微分!LT12:OV12,0))} -> 699 | N13: =MAX([1]一阶微分!LT12:OV12) -> 0.013207335 | O13: =SUM([1]一阶微分!LT12:OV12) -> 0.41158205 | P13: 0.9068 | Q13: 276.5 | R13: 473 | S13: 75.188972 | T13: 20.749405 | U13: 54.439567 | V13: 0.38114567 | W13: 0.012060279 | X13: 304.91839 | Y13: 0.919182 | Z13: 103.5 | AA13: 674 | AB13: 149.00589 | AC13: 104.83498 | AD13: 44.170911 | AE13: 2.373394 | AF13: 0.006168763 | AG13: 112.60012 | AH13: 2
A14: 553 | B14: 0.25639336 | C14: 675 | D14: 0.080768199 | E14: 1197 | F14: 0.49181797 | G14: {=INDEX([1]一阶微分!$EL$1:$FZ$1,MATCH(MAX([1]一阶微分!EL13:FZ13),[1]一阶微分!EL13:FZ13,0))} -> 519 | H14: =MAX([1]一阶微分!EL13:FZ13) -> 0.0054309512 | I14: =SUM([1]一阶微分!EL13:FZ13) -> 0.13420875 | J14: {=INDEX([1]一阶微分!$HD$1:$KF$1,MATCH(MIN([1]一阶微分!HD13:KF13),[1]一阶微分!HD13:KF13,0))} -> 570 | K14: =MIN([1]一阶微分!HD13:KF13) -> -0.0026620821 | L14: =SUM([1]一阶微分!HD13:KF13) -> -0.11685732 | M14: {=INDEX([1]一阶微分!$LT$1:$OV$1,MATCH(MAX([1]一阶微分!LT13:OV13),[1]一阶微分!LT13:OV13,0))} -> 699 | N14: =MAX([1]一阶微分!LT13:OV13) -> 0.013139041 | O14: =SUM([1]一阶微分!LT13:OV13) -> 0.40884174 | P14: 0.907222 | Q14: 276.5 | R14: 473 | S14: 75.249932 | T14: 20.757746 | U14: 54.492186 | V14: 0.38093069 | W14: 0.012056117 | X14: 304.77656 | Y14: 0.919232 | Z14: 103.5 | AA14: 675 | AB14: 149.18816 | AC14: 104.92633 | AD14: 44.26183 | AE14: 2.3705827 | AF14: 0.0061615614 | AG14: 112.59399 | AH14: 2
... A176: 552 | B176: 0.26528919 | C176: 674 | D176: 0.058771627 | E176: 1185 | F176: 0.56546817 | G176: {=INDEX([1]一阶微分!$EL$1:$FZ$1,MATCH(MAX([1]一阶微分!EL175:FZ175),[1]一阶微分!EL175:FZ175,0))} -> 519 | H176: =MAX([1]一阶微分!EL175:FZ175) -> 0.0064439845 | I176: =SUM([1]一阶微分!EL175:FZ175) -> 0.16642076 | J176: {=INDEX([1]一阶微分!$HD$1:$KF$1,MATCH(MIN([1]一阶微分!HD175:KF175),[1]一阶微分!HD175:KF175,0))} -> 570 | K176: =MIN([1]一阶微分!HD175:KF175) -> -0.0033668317 | L176: =SUM([1]一阶微分!HD175:KF175) -> -0.13818842 | M176: {=INDEX([1]一阶微分!$LT$1:$OV$1,MATCH(MAX([1]一阶微分!LT175:OV175),[1]一阶微分!LT175:OV175,0))} -> 700 | N176: =MAX([1]一阶微分!LT175:OV175) -> 0.016478848 | O176: =SUM([1]一阶微分!LT175:OV175) -> 0.50346888 | P176: 0.93691 | Q176: 276 | R176: 461 | S176: 76.433792 | T176: 21.470036 | U176: 54.963756 | V176: 0.3906217 | W176: 0.012257798 | X176: 294.58539 | Y176: 0.941228 | Z176: 104 | AA176: 674 | AB176: 148.5133 | AC176: 106.03059 | AD176: 42.48271 | AE176: 2.4958528 | AF176: 0.0063376681 | AG176: 110.49395 | AH176: 2
A177: 552 | B177: 0.23354246 | C177: 672 | D177: 0.056693409 | E177: 1300 | F177: 0.58168343 | G177: 519 | H177: 0.0057745075 | I177: 0.14200622 | J177: 569 | K177: -0.0031623408 | L177: -0.1272038 | M177: 700 | N177: 0.014381093 | O177: 0.52027037 | P177: 0.9378 | Q177: 276 | R177: 477 | S177: 77.759895 | T177: 21.492126 | U177: 56.267769 | V177: 0.38196158 | W177: 0.012060201 | X177: 294.30582 | Y177: 0.943307 | Z177: 104 | AA177: 672 | AB177: 152.98404 | AC177: 109.1167 | AD177: 43.867337 | AE177: 2.4874247 | AF177: 0.0061660486 | AG177: 110.25043 | AH177: 6
A178: 552 | B178: 0.23377584 | C178: 673 | D178: 0.058676865 | E178: 1300 | F178: 0.57862196 | G178: 520 | H178: 0.0056719797 | I178: 0.13999279 | J178: 568 | K178: -0.003137288 | L178: -0.12574516 | M178: 700 | N178: 0.014272655 | O178: 0.51436999 | P178: 0.9353 | Q178: 276 | R178: 478 | S178: 77.597902 | T178: 21.430234 | U178: 56.167668 | V178: 0.38154039 | W178: 0.012053161 | X178: 295.09248 | Y178: 0.9413 | Z178: 104 | AA178: 672 | AB178: 152.8219 | AC178: 108.90105 | AD178: 43.920853 | AE178: 2.4794839 | AF178: 0.0061594574 | AG178: 110.4855 | AH178: 6
A179: 552 | B179: 0.23328389 | C179: 673 | D179: 0.060013524 | E179: 1191 | F179: 0.57389824 | G179: 519 | H179: 0.0056669263 | I179: 0.13748271 | J179: 569 | K179: -0.0031703474 | L179: -0.12377821 | M179: 700 | N179: 0.01411574 | O179: 0.50750188 | P179: 0.9332 | Q179: 276 | R179: 480 | S179: 77.510053 | T179: 21.381746 | U179: 56.128307 | V179: 0.38094408 | W179: 0.012039729 | X179: 295.75654 | Y179: 0.94 | Z179: 104 | AA179: 673 | AB179: 152.8365 | AC179: 108.7851 | AD179: 44.0514 | AE179: 2.4695038 | AF179: 0.0061503633 | AG179: 110.6383 | AH179: 6
A180: 552 | B180: 0.23405035 | C180: 674 | D180: 0.061341343 | E180: 1187 | F180: 0.57268254 | G180: 520 | H180: 0.0055748003 | I180: 0.13619043 | J180: 569 | K180: -0.0030982321 | L180: -0.12308491 | M180: 700 | N180: 0.014073579 | O180: 0.50477811 | P180: 0.9312 | Q180: 276 | R180: 472 | S180: 77.385551 | T180: 21.33525 | U180: 56.050301 | V180: 0.3806447 | W180: 0.012033254 | X180: 296.39175 | Y180: 0.9387 | Z180: 104 | AA180: 674 | AB180: 152.67174 | AC180: 108.60075 | AD180: 44.070995 | AE180: 2.4642227 | AF180: 0.0061484855 | AG180: 110.79152 | AH180: 6
A181: 552 | B181: 0.23358991 | C181: 674 | D181: 0.061869711 | E181: 1191 | F181: 0.56932474 | G181: 518 | H181: 0.005372183 | I181: 0.13436462 | J181: 569 | K181: -0.0030730006 | L181: -0.12198253 | M181: 701 | N181: 0.013912875 | O181: 0.50059689 | P181: 0.9297 | Q181: 276 | R181: 472 | S181: 77.326054 | T181: 21.29935 | U181: 56.026704 | V181: 0.38016425 | W181: 0.012023114 | X181: 296.86996 | Y181: 0.9381 | Z181: 104 | AA181: 673 | AB181: 152.70442 | AC181: 108.53274 | AD181: 44.171673 | AE181: 2.4570666 | AF181: 0.0061432408 | AG181: 110.86238 | AH181: 6
A182: 552 | B182: 0.2342132 | C182: 674 | D182: 0.062541425 | E182: 1193 | F182: 0.56757285 | G182: 521 | H182: 0.0053494514 | I182: 0.13315269 | J182: 569 | K182: -0.0030142339 | L182: -0.12156672 | M182: 700 | N182: 0.013867112 | O182: 0.49862897 | P182: 0.9282 | Q182: 276 | R182: 472 | S182: 77.225779 | T182: 21.260457 | U182: 55.965322 | V182: 0.37988626 | W182: 0.012019303 | X182: 297.34971 | Y182: 0.9375 | Z182: 104 | AA182: 674 | AB182: 152.62516 | AC182: 108.41801 | AD182: 44.207142 | AE182: 2.4525 | AF182: 0.0061424998 | AG182: 110.93333 | AH182: 6
A183: 552 | B183: 0.23445124 | C183: 674 | D183: 0.063302694 | E183: 1187 | F183: 0.56511491 | G183: 520 | H183: 0.005409893 | I183: 0.13234988 | J183: 569 | K183: -0.0030864389 | L183: -0.12097419 | M183: 700 | N183: 0.013712575 | O183: 0.49613874 | P183: 0.9269 | Q183: 276 | R183: 478 | S183: 77.150076 | T183: 21.231171 | U183: 55.918905 | V183: 0.37967787 | W183: 0.012014246 | X183: 297.76675 | Y183: 0.9367 | Z183: 104 | AA183: 674 | AB183: 152.55642 | AC183: 108.32359 | AD183: 44.232826 | AE183: 2.4489413 | AF183: 0.0061400234 | AG183: 111.02808 | AH183: 6
A184: 552 | B184: 0.23414889 | C184: 675 | D184: 0.064196758 | E184: 1191 | F184: 0.56189375 | G184: 519 | H184: 0.005365353 | I184: 0.13123043 | J184: 570 | K184: -0.0030002085 | L184: -0.12018623 | M184: 701 | N184: 0.013606162 | O184: 0.49255104 | P184: 0.9259 | Q184: 276 | R184: 473 | S184: 77.098398 | T184: 21.206491 | U184: 55.891907 | V184: 0.37941971 | W184: 0.012009329 | X184: 298.08835 | Y184: 0.9358 | Z184: 104 | AA184: 674 | AB184: 152.55613 | AC184: 108.27647 | AD184: 44.279659 | AE184: 2.445287 | AF184: 0.0061341356 | AG184: 111.13486 | AH184: 6
A185: 553 | B185: 0.2342761 | C185: 674 | D185: 0.064992792 | E185: 1187 | F185: 0.5605014 | G185: 519 | H185: 0.0053231036 | I185: 0.13076063 | J185: 569 | K185: -0.0030057304 | L185: -0.11970671 | M185: 701 | N185: 0.013532023 | O185: 0.49097322 | P185: 0.9249 | Q185: 276.5 | R185: 473 | S185: 77.033406 | T185: 21.182633 | U185: 55.850773 | V185: 0.37927198 | W185: 0.012006479 | X185: 298.95124 | Y185: 0.935 | Z185: 103.5 | AA185: 673 | AB185: 152.47396 | AC185: 108.20349 | AD185: 44.270468 | AE185: 2.4441462 | AF185: 0.0061321946 | AG185: 110.69519 | AH185: 6
A186: 552 | B186: 0.23431926 | C186: 675 | D186: 0.065578173 | E186: 1191 | F186: 0.55884412 | G186: 521 | H186: 0.0052756334 | I186: 0.13043011 | J186: 568 | K186: -0.0029862798 | L186: -0.11934597 | M186: 701 | N186: 0.013490182 | O186: 0.48910354 | P186: 0.9242 | Q186: 276 | R186: 473 | S186: 76.994834 | T186: 21.166034 | U186: 55.8288 | V186: 0.37912393 | W186: 0.012003403 | X186: 298.63666 | Y186: 0.9344 | Z186: 104 | AA186: 674 | AB186: 152.43409 | AC186: 108.15959 | AD186: 44.274493 | AE186: 2.4429324 | AF186: 0.0061298625 | AG186: 111.30137 | AH186: 6
A187: 552 | B187: 0.26303244 | C187: 675 | D187: 0.075059221 | E187: 1191 | F187: 0.6072899 | G187: 520 | H187: 0.0057618091 | I187: 0.14508411 | J187: 569 | K187: -0.0030953774 | L187: -0.12812338 | M187: 700 | N187: 0.015149663 | O187: 0.5269724 | P187: 0.9156 | Q187: 276 | R187: 472 | S187: 75.564331 | T187: 20.962518 | U187: 54.601813 | V187: 0.38391615 | W187: 0.012116828 | X187: 301.44168 | Y187: 0.9249 | Z187: 104 | AA187: 674 | AB187: 147.36507 | AC187: 105.30462 | AD187: 42.060457 | AE187: 2.5036489 | AF187: 0.0062762497 | AG187: 112.44459 | AH187: 6
A188: 552 | B188: 0.2637962 | C188: 675 | D188: 0.075986927 | E188: 1193 | F188: 0.60864905 | G188: 521 | H188: 0.0057621125 | I188: 0.14485663 | J188: 569 | K188: -0.0031122478 | L188: -0.12800459 | M188: 700 | N188: 0.015163534 | O188: 0.52731165 | P188: 0.915 | Q188: 276 | R188: 476 | S188: 75.493415 | T188: 20.94441 | U188: 54.549005 | V188: 0.38395586 | W188: 0.012120262 | X188: 301.63934 | Y188: 0.924 | Z188: 104 | AA188: 674 | AB188: 147.17885 | AC188: 105.19802 | AD188: 41.980825 | AE188: 2.5058589 | AF188: 0.0062780761 | AG188: 112.55411 | AH188: 6
... A2088: 553 | B2088: 0.23669922 | C2088: 675 | D2088: 0.070140847 | E2088: 1178 | F2088: 0.51403912 | G2088: 519 | H2088: 0.0050924311 | I2088: 0.1288968 | J2088: 569 | K2088: -0.0024471481 | L2088: -0.10716174 | M2088: 700 | N2088: 0.014603317 | O2088: 0.43589003 | P2088: 0.930637 | Q2088: 276.5 | R2088: 465 | S2088: 77.43942 | T2088: 21.329656 | U2088: 56.109764 | V2088: 0.38014161 | W2088: 0.012017613 | X2088: 0.012017613 | Y2088: 0.929859 | Z2088: 103.5 | AA2088: 675 | AB2088: 150.30504 | AC2088: 106.45288 | AD2088: 43.852154 | AE2088: 2.4275406 | AF2088: 0.0061864793 | AG2088: 111.3072 | AH2088: 3
